{"cameraMode":{"drawMode":0,"name":"Shaded","section":"Shading Mode"},"sceneLighting":true,"audioPlay":false,"sceneViewState":{"showFog":true,"showMaterialUpdate":false,"showSkybox":true,"showFlares":true,"showImageEffects":true,"showParticleSystems":true},"in2DMode":false,"pivot":{"x":1.4867866039276124,"y":1.130000114440918,"z":0.19450277090072633},"rotation":{"x":0.16240842640399934,"y":0.06595669686794281,"z":-0.010881144553422928,"w":0.9844563007354736},"size":6.8673095703125,"orthographic":false}