{"cameraMode":{"drawMode":0,"name":"Shaded","section":"Shading Mode"},"sceneLighting":true,"audioPlay":false,"sceneViewState":{"showFog":true,"showMaterialUpdate":true,"showSkybox":true,"showFlares":true,"showImageEffects":true,"showParticleSystems":true},"in2DMode":false,"pivot":{"x":1.2664270401000977,"y":2.2364296913146974,"z":0.10954475402832031},"rotation":{"x":-0.005995933432132006,"y":0.036888957023620608,"z":0.000221248745219782,"w":0.9993033409118652},"size":15.509353637695313,"orthographic":false}