{"cameraMode":{"drawMode":0,"name":"Shaded","section":"Shading Mode"},"sceneLighting":true,"audioPlay":false,"sceneViewState":{"showFog":true,"showMaterialUpdate":false,"showSkybox":true,"showFlares":true,"showImageEffects":true,"showParticleSystems":true},"in2DMode":false,"pivot":{"x":-2.980649471282959,"y":3.0090789794921877,"z":-1.5058369636535645},"rotation":{"x":-0.6497622728347778,"y":-0.08560851216316223,"z":0.07400219887495041,"w":-0.7516688108444214},"size":18.317794799804689,"orthographic":false}